Index,Keyword,Tweets
0,pineapple,New Do like pineapple pizza I like There 's lot people hate eat well
1,pineapple,Bruh I literally idea It says nothing else card Besides follow LinkedIn
2,pineapple,This pineapple babies look like
3,pineapple,Upside pineapple cake
4,pineapple,Please thank Add puts pineapple pizzas
5,pineapple,Thanks homies coming Denver full force Lysergia Pineapple productions te
6,pineapple,throwback pineapple days muahah 1 2 3
7,pineapple,I mind warm pineapple pizza I like way adds sweetness spice salt
8,pineapple,This pineapple babies look like
9,pineapple,We mission try Aloha Burger treats Jollibee
10,pineapple,Pineapple Pizzaaaa ATIN ThankYouGoUp
11,pineapple,I wish twitter stories I delete social media
12,pineapple,I love sweet sour spicy u want chicken 's p simple need chicken marinated garlic
13,pineapple,Do guys make pineapple orange muffins anymore Or seasonal thing
14,pineapple,ever seen pineapple
15,pineapple,Pineapple Pizzaaaa ATIN ThankYouGoUp
16,pineapple,Pineapple pizza awesome
17,pineapple,Thank reminding us holiday season issues
18,pineapple,That Pineapple amazing Great contribution
19,pineapple,Pineapple
20,pineapple,Pineapple fucker x
21,pineapple,1/2 cup cantaloupe diced 1/2 cup honeydew diced 1/2 cup pineapple chunks frozen 1/2 cup blueberries fro
22,pineapple,WTF consulting
23,pineapple,What 's commotion trumpets peaches I prefer pineapple pizza
24,pineapple,Ya lost pineapple
25,pineapple,I trust consultant people lol Unless I know come industry consult ass way
26,pineapple,I eye balled Maybe 1 oz soju 6oz pineapple ginger soda ice small pours
27,pineapple,Pineapple
28,pineapple,J A C K F R O S T Malibu Blue Curacao Pineapple juice
29,pineapple,Awww Easy My pineapple 's one things Mine 2 Anyways reach Titans
